sample_id,category,gene,rsid,assembly,chromosome,position,ref,alt,genotype,phenotype,affected_drugs,cpic_level,clinical_recommendation
PATIENT_06,Rare Disease,PAH,rs5030858,,,,,,Homozygous (T/T),Phenylketonuria (classic PKU),N/A,N/A,"Diagnostic variant for PKU. Requires lifelong phenylalanine-restricted diet, metabolic monitoring, and consideration of sapropterin (BH4) therapy if responsive."
PATIENT_06,PGx,VKORC1,rs9923231,GRCh38,chr16,31096368,C,T,Heterozygous,Increased Warfarin Sensitivity,Warfarin,1A,Lower warfarin dose requirement if anticoagulation ever needed. Use a validated pharmacogenomic dosing algorithm.
PATIENT_06,PGx,CYP2C9,rs1057910,GRCh38,chr10,94981296,A,C,Heterozygous (*1/*3),Poor Metabolizer (partial),"Warfarin, Phenytoin, Celecoxib",1A,Combine with VKORC1 result for warfarin dosing algorithm; reduced clearance increases bleeding/toxicity risk at standard doses.
PATIENT_07,Rare Disease,ATP7B,rs28942074,,,,,,Homozygous,Wilson Disease,N/A,N/A,"Most common East Asian founder variant for Wilson disease. Requires copper chelation therapy (e.g. penicillamine, trientine) or zinc therapy, with lifelong monitoring."
PATIENT_07,PGx,CYP2C19,rs4244285,GRCh38,chr10,94781859,G,A,Heterozygous (*1/*2),Intermediate Metabolizer,"Clopidogrel, Voriconazole, Citalopram",1A,Reduced clopidogrel activation - consider alternative antiplatelet if PCI indicated. Reduced voriconazole clearance risk.
PATIENT_08,Rare Disease,APOB,rs5742904,,,,,,Heterozygous,Familial Hypercholesterolemia (Familial Defective ApoB-100),N/A,N/A,"Impairs LDL receptor binding, causing markedly elevated LDL-C from birth. Requires statin therapy +/- ezetimibe/PCSK9 inhibitors and cascade family screening."
PATIENT_08,PGx,SLCO1B1,rs4149056,GRCh38,chr12,21178615,T,C,Homozygous (C/C),Decreased Transporter Function,Simvastatin,1A,Significantly increased risk of simvastatin-induced myopathy. Avoid high-dose simvastatin; prefer rosuvastatin or pravastatin for this FH patient.
PATIENT_09,Rare Disease + PGx (dual role),G6PD,rs1050828,GRCh38,chrX,154536002,C,T,Hemizygous (Male),G6PD Deficient,"Rasburicase, Primaquine, Dapsone, Sulfonamides",1A,G6PD deficiency is both the underlying diagnosis and the pharmacogenomic marker. Rasburicase is CONTRAINDICATED. Avoid oxidative-stress-inducing drugs and fava beans; counsel on hemolysis triggers.
PATIENT_10,Rare Disease,MEFV,rs61752717,,,,,,Homozygous,Familial Mediterranean Fever,N/A,N/A,Most common FMF-causing variant. First-line treatment is daily colchicine; homozygosity is associated with more severe phenotype and higher amyloidosis risk.
PATIENT_10,PGx,TPMT,rs1142345,GRCh38,chr6,18130687,T,C,Heterozygous (*1/*3C),Intermediate Metabolizer,"Azathioprine, Mercaptopurine, Thioguanine",1A,"If azathioprine is considered, TPMT intermediate metabolizer status indicates increased myelosuppression risk. CPIC recommends 30-80% of the standard starting dose when the standard dose is at least 2 mg/kg/day, followed by blood-count monitoring and disease-specific dose adjustment."
PATIENT_11,Rare Disease,HFE,rs1800562,,,,,,Homozygous,Hereditary Hemochromatosis,N/A,N/A,Classic C282Y homozygosity - most common genetic cause of hereditary hemochromatosis in Northern Europeans. First-line treatment is therapeutic phlebotomy.
PATIENT_11,PGx,CYP2D6,rs3892097,GRCh38,chr22,42128945,C,T,Heterozygous (*1/*4),Intermediate Metabolizer,"Codeine, Tamoxifen, Tramadol",1A,Reduced conversion of codeine/tramadol to active metabolites - reduced analgesia. Reduced tamoxifen activation to endoxifen if ever indicated.
PATIENT_12,Rare Disease,MLH1,N/A,GRCh38,chr3,37028902,C,T,Heterozygous,Lynch Syndrome,N/A,N/A,Nonsense variant causing loss of MLH1 mismatch-repair function. Requires enhanced colorectal/endometrial cancer surveillance and cascade family testing.
PATIENT_12,PGx,DPYD,rs3918290,GRCh38,chr1,97740410,G,A,Heterozygous (*1/*2A),Intermediate Metabolizer,"Fluorouracil (5-FU), Capecitabine",1A,CRITICAL pre-chemotherapy test: significantly elevated risk of severe/life-threatening fluoropyrimidine toxicity. CPIC recommends 50% dose reduction or alternative agent before starting adjuvant chemo for this patient's colorectal cancer.
PATIENT_13,Rare Disease,SERPINA1,rs28929474,,,,,,Homozygous (PiZZ),Alpha-1 Antitrypsin Deficiency,N/A,N/A,Severe deficiency genotype. Associated with early-onset emphysema (especially with smoking) and liver disease. Consider augmentation therapy and smoking cessation counseling.
PATIENT_13,PGx,HLA-B,rs2395029,GRCh38,chr6,31431780,G,T,Heterozygous (positive tag SNP),HLA-B*57:01 Positive,Abacavir,1A,HIGH-RISK: confers high risk of abacavir hypersensitivity reaction. Abacavir is CONTRAINDICATED if antiretroviral therapy is ever needed - select alternative agent.
PATIENT_13,PGx,CYP2C19,rs12248560,GRCh38,chr10,94761900,C,T,Heterozygous (*1/*17),Rapid Metabolizer,"Clopidogrel, Citalopram, Sertraline",1A,Standard clopidogrel dosing generally adequate; monitor SSRI response as levels may be subtherapeutic at standard dose.
